{
  "step": 2424,
  "val_loss": 1.5700679868459702,
  "last_step": 10000,
  "last_val_loss": 2.62468221783638
}